prog,malloc,threads,time,cycles,galois,push,pop,emptypop,npush,npop,nemptypop,good,bad,empty,work_cyc,ngood,nbad,nempty,work_n,qpopfast,qpopfastcyc,qpoplocal,qpoplocalcyc,qpopremote,qpopremotecyc,qpopempty,qpopemptycyc
graph-metrics/sssp-klsm_rmat16p-2e24_d10,libc,177,0.0288076395833,12237485295.0,0,0,0,0,0,0,0,0.0,0.0,0.0,0.0,0.0,0.0,0.0,0.0,0,0,0,0,0,0,0,0
graph-metrics/sssp-obim_rmat16p-2e24_d0,libc,177,1.29874248125,5.51705806035e+11,68730752220.0,85177657946.0,1.0026581092e+11,4257067643.0,51520171.0,51522880.0,59849.0,2.25555418085e+11,51130455711.0,16588643510.0,2.93274517306e+11,268286623.0,61355750.0,32893637.0,362536010.0,50693108.0,44605019235.0,741072.0,3052743684.0,88700.0,3543027970.0,3140845.0,3216370192.0
graph-metrics/sssp-obim_rmat16p-2e24_d10,libc,177,3.55147805875,1.50866787936e+12,1.52133618632e+11,79914578530.0,2.28903976983e+11,2560868129.0,126643623.0,126646330.0,301768.0,2.24002309057e+11,7.94787908601e+11,26364619425.0,1.04515483708e+12,268286623.0,914908384.0,49214606.0,1232409613.0,124666246.0,1.06130884804e+11,1963284.0,6304711439.0,16800.0,94449585.0,603636.0,2109479287.0
